dim,hidden_dim,Triton,Torch
512.000000,341.000000,24.326652,22.669831
1024.000000,682.000000,16.348589,15.244476
2048.000000,1365.000000,9.257143,9.092154
4096.000000,2730.000000,3.682121,4.048698
8192.000000,5461.000000,1.317909,1.898140
16384.000000,10922.000000,0.662131,0.921363
