dim,hidden_dim,Triton,Torch
512.000000,341.000000,5.938922,11.369882
1024.000000,682.000000,1.861527,4.184262
2048.000000,1365.000000,0.222641,1.190038
4096.000000,2730.000000,0.038396,0.228701
